[
  {
    "name": "Epic Designs",
    "rating": "3.5",
    "description": "Passionate team of 4 designers working out of Bangalore with 8 years of experience.",
    "projects": "57",
    "years": "8",
    "price": "$$",
    "contact1": "+91-985432853",
    "contact2": "+91-985432853"
  },
  {
    "name": "Studio PixelCraft",
    "rating": "4.0",
    "description": "Creative minds building impactful visuals from Chennai with 6 years of design excellence.",
    "projects": "43",
    "years": "6",
    "price": "$$$",
    "contact1": "+91-9012345678",
    "contact2": "+91-8012345678"
  },
  {
    "name": "UrbanFrame Creatives",
    "rating": "4.5",
    "description": "A boutique agency blending art and architecture, based in Delhi.",
    "projects": "65",
    "years": "9",
    "price": "$$$",
    "contact1": "+91-9123456780",
    "contact2": "+91-8123456780"
  },
  {
    "name": "Pixel & Hue",
    "rating": "3.0",
    "description": "Freelance graphic designer with a focus on minimal branding from Pune.",
    "projects": "29",
    "years": "4",
    "price": "$",
    "contact1": "+91-7894561230",
    "contact2": "+91-6894561230"
  },
  {
    "name": "DesignVerse",
    "rating": "5.0",
    "description": "Award-winning team working globally from Mumbai, specialists in UI/UX.",
    "projects": "102",
    "years": "10",
    "price": "$$$$",
    "contact1": "+91-9988776655",
    "contact2": "+91-9888776655"
  },
  {
    "name": "Minimal Matters",
    "rating": "4.0",
    "description": "A clean design-first company from Hyderabad focused on web branding.",
    "projects": "35",
    "years": "5",
    "price": "$$",
    "contact1": "+91-9765432100",
    "contact2": "+91-9765432101"
  },
  {
    "name": "Visual Brew",
    "rating": "3.5",
    "description": "Crafting memorable brands for startups, operating out of Jaipur.",
    "projects": "50",
    "years": "7",
    "price": "$$",
    "contact1": "+91-8877665544",
    "contact2": "+91-8877665545"
  },
  {
    "name": "Artlogy Studio",
    "rating": "4.5",
    "description": "Visual storytellers with a flair for illustration and color, based in Goa.",
    "projects": "71",
    "years": "6",
    "price": "$$$",
    "contact1": "+91-9988223344",
    "contact2": "+91-9988223345"
  },
  {
    "name": "The Grid Lab",
    "rating": "4.0",
    "description": "Young team combining design and data for modern branding in Ahmedabad.",
    "projects": "59",
    "years": "5",
    "price": "$$",
    "contact1": "+91-9090909090",
    "contact2": "+91-8080808080"
  }
]
